# name,planet_status,mass,mass_error_min,mass_error_max,mass_sini,mass_sini_error_min,mass_sini_error_max,radius,radius_error_min,radius_error_max,orbital_period,orbital_period_error_min,orbital_period_error_max,semi_major_axis,semi_major_axis_error_min,semi_major_axis_error_max,eccentricity,eccentricity_error_min,eccentricity_error_max,inclination,inclination_error_min,inclination_error_max,angular_distance,discovered,updated,omega,omega_error_min,omega_error_max,tperi,tperi_error_min,tperi_error_max,tconj,tconj_error_min,tconj_error_max,tzero_tr,tzero_tr_error_min,tzero_tr_error_max,tzero_tr_sec,tzero_tr_sec_error_min,tzero_tr_sec_error_max,lambda_angle,lambda_angle_error_min,lambda_angle_error_max,impact_parameter,impact_parameter_error_min,impact_parameter_error_max,tzero_vr,tzero_vr_error_min,tzero_vr_error_max,k,k_error_min,k_error_max,temp_calculated,temp_calculated_error_min,temp_calculated_error_max,temp_measured,hot_point_lon,geometric_albedo,geometric_albedo_error_min,geometric_albedo_error_max,log_g,publication,detection_type,mass_detection_type,radius_detection_type,alternate_names,molecules,star_name,ra,dec,mag_v,mag_i,mag_j,mag_h,mag_k,star_distance,star_distance_error_min,star_distance_error_max,star_metallicity,star_metallicity_error_min,star_metallicity_error_max,star_mass,star_mass_error_min,star_mass_error_max,star_radius,star_radius_error_min,star_radius_error_max,star_sp_type,star_age,star_age_error_min,star_age_error_max,star_teff,star_teff_error_min,star_teff_error_max,star_detected_disc,star_magnetic_field,star_alternate_names
11 Oph b,Confirmed,21.0,3.0,3.0,,,,,,,730000.0,365000.0,365000.0,243.0,55.0,55.0,,,,,,,1.675862,2007,2018-06-18,,,,,,,,,,,,,,,,,,,,,,,,,,,,,,,,,,,,,Published in a refereed paper,Imaging,,,Oph 1622-2405 b,,11 Oph,245.6041667,-24.0872222,,,,,14.03,145.0,20.0,20.0,,,,0.0162,0.005,0.005,,,,M9,0.011,0.002,0.002,2375.0,175.0,175.0,,,"Oph 1622-2405, Oph 11A"
1I/'Oumuamua,Confirmed,,,,,,,2e-06,,,,,,,,,1.196,0.004,0.004,,,,,2017,2020-08-14,241.5,0.3,0.3,2458055.0,,,,,,,,,,,,,,,,,,,,,,,,,,,,,,,,,Published in a refereed paper,Imaging,,Theoretical,"1I/2017_U1, 'Oumuamua",,Sun,0.0,0.0,,,,,,,,,,,,1.0,,,1.0,,,,,,,,,,,,
1RXS 1609 b,Confirmed,14.0,3.0,2.0,,,,1.7,,,,,,330.0,0.0,0.0,,,,,,,2.275862,2008,2018-11-15,,,,,,,,,,,,,,,,,,,,,,,,,,,,,,,1800.0,,,,,4.0,Published in a refereed paper,Imaging,,,"1RXS J160929.1-210524 b, 1RXS J1609b, 1RXS J1609-2105b, RXJ 1609","CO, H2O, K",1RXS 1609,242.375,-21.0827778,,10.99,9.82,9.12,8.92,145.0,20.0,20.0,,,,0.73,0.05,0.05,1.35,,,K7V,0.011,0.002,0.002,4060.0,200.0,200.0,,,"1RXS1609, 1RXS J1609, 1RXS J160929"
1RXS J235133.3+312720 b,Confirmed,32.0,6.0,6.0,,,,,,,,,,120.0,20.0,20.0,,,,,,,,2012,2019-02-26,,,,,,,,,,,,,,,,,,,,,,,,,,,,,,,,,,,,,Published in a refereed paper,Imaging,,,,,1RXS J235133.3+312720,357.890308282,31.4563946913,13.6,,,,,,,,,,,0.45,0.05,0.05,,,,M2V,0.1,0.05,0.05,,,,,,2MASS J23513366+3127229
2I/Borisov,Confirmed,,,,,,,6.2e-05,,,,,,,,,3.155,0.13,0.13,,,,,2019,2020-07-21,,,,,,,,,,,,,,,,,,,,,,,,,,,,,,,,,,,,,Announced on a website,Imaging,,,C/2019 Q4 (Borisov),"C2, CN, CO, H2O, NH2, O I, OH",Sun,0.0,0.0,,,,,,,,,,,,1.0,,,1.0,,,,,,,,,,,,
2M 0103-55 (AB) b,Confirmed,13.0,1.0,1.0,,,,,,,,,,84.0,,,,,,,,,,2013,2020-05-29,,,,,,,,,,,,,,,,,,,,,,,,,,,,,,,,,,,,,Published in a refereed paper,Imaging,,,,H,2M 0103-55 (AB),15.9,-55.2656,,,7.5,,,47.2,3.1,3.1,,,,0.4,,,,,,M,0.03,,,,,,,,
2M 0122-24 b,Confirmed,20.0,7.0,7.0,,,,1.0,0.2,0.2,,,,52.0,6.0,6.0,,,,,,,,2013,2016-02-23,,,,,,,,,,,,,,,,,,,,,,,,,,,,,,,1380.0,,,,,,Published in a refereed paper,Imaging,,,,,2M 0122-24,20.7125,-24.6142,,,,,,36.0,4.0,4.0,,,,0.4,0.05,0.05,,,,M3.5,0.12,0.01,0.01,,,,,,
2M 0219-39 b,Confirmed,13.9,1.1,1.1,,,,1.44,0.03,0.03,,,,156.0,10.0,10.0,,,,,,,,2015,2016-02-23,,,,,,,,,,,,,,,,,,,,,,,,,,,,,,,1683.0,,,,,,Published in a refereed paper,Imaging,Spectrum,Theoretical,,,2M 0219-39,34.841666674,-39.423055569,,,,,,39.4,2.6,2.6,,,,0.11,0.01,0.01,0.27,0.01,0.01,M6,,,,3064.0,76.0,76.0,,,2MASS J0292210-3925225
2M 0441+23 b,Confirmed,7.5,2.5,2.5,,,,,,,,,,15.0,0.6,0.6,,,,,,,0.107143,2010,2016-02-23,,,,,,,,,,,,,,,,,,,,,,,,,,,,,,,,,,,,,Published in a refereed paper,Imaging,,,,,2M 0441+23,70.4375,23.0308333,,,14.2,13.72,13.16,140.0,,,,,,0.02,,,,,,M8.5,0.001,,,,,,,,
2M 2140+16 b,Confirmed,20.0,20.0,80.0,,,,0.92,0.39,0.39,7340.0,584.0,584.0,3.53,0.15,0.15,0.26,0.06,0.06,46.2,8.7,8.7,0.1412,2010,2012-01-19,223.0,47.0,47.0,,,,,,,,,,,,,,,,,,,,,,,,,,,,,,,,,,Published in a refereed paper,Imaging,,,,,2M 2140+16,325.1208333,16.4216667,,,,,,25.0,10.0,10.0,,,,0.08,0.06,0.06,0.1,0.043,0.043,,,,,2300.0,80.0,80.0,,,
2M 2206-20 b,Confirmed,30.0,20.0,70.0,,,,1.3,0.18,0.18,8686.0,69.4,69.4,4.48,0.4,0.4,0.0,,,44.3,0.7,0.7,0.167979,2010,2012-01-19,,,,,,,,,,,,,,,,,,,,,,,,,,,,,,,,,,,,,Published in a refereed paper,Imaging,,,,,2M 2206-20,331.5958333,-20.785,,,,,,26.67,2.63,2.63,,,,0.13,0.05,0.05,0.11,0.015,0.015,,,,,2350.0,80.0,80.0,,,
2M 2236+4751 b,Confirmed,12.5,1.5,1.5,,,,,,,,,,230.0,20.0,20.0,,,,,,,3.7,2016,2016-11-03,,,,,,,,,,,,,,,,,,,,,,,,,,,,,,,1200.0,,,,,,Published in a refereed paper,Imaging,Spectrum,,,"CO, H2O",2M 2236+4751,339.104166675,47.861944471,12.5,,,,,63.0,,,,,,0.6,0.05,0.05,,,,K7,0.12,0.01,0.01,,,,,,
2M J2126-81 b,Confirmed,13.3,1.7,1.7,,,,,,,,,,6900.0,,,,,,,,,,2016,2016-02-23,,,,,,,,,,,,,,,,,,,,,,,,,,,,,,,1800.0,,,,,,Published in a refereed paper,Imaging,Spectrum,,,,TYC 9486-927-1,321.366666676,-81.64111113,9.0,,,,,24.75,4.25,4.25,,,,0.4,,,,,,M2,0.027,0.017,0.017,,,,,,
2M0045+16,Confirmed,25.0,4.6,4.6,,,,,,,,,,,,,,,,,,,,2019,2019-06-07,,,,,,,,,,,,,,,,,,,,,,,,,,,,,,,,,,,,,Submitted to a professional journal,Imaging,Spectrum,,,,,11.3392916738,16.5790555768,,,,,,15.4,0.05,0.05,,,,,,,,,,,,,,,,,,,
2M0117-34,Confirmed,16.4,3.7,3.7,,,,,,,,,,,,,,,,,,,,2019,2019-06-07,,,,,,,,,,,,,,,,,,,,,,,,,,,,,,,,,,,,,Submitted to a professional journal,Imaging,Spectrum,,,,,19.4475000158,-34.056944451,,,,,,39.02,1.04,1.04,,,,,,,,,,,,,,,,,,,
2M1207 A,Confirmed,60.0,20.0,80.0,,,,,,,,,,42.0,2.0,19.0,,,,,,,,2004,2018-09-16,,,,,,,,,,,,,,,,,,,,,,,,,,,,,,,,,,,,,Published in a refereed paper,Imaging,,,"2M1207, 2MASS J12073346-3932539",,,181.887500011,-39.548333356,,,,,,52.4,1.1,1.1,,,,,,,,,,,,,,,,,,,
2M1207 b,Confirmed,5.0,2.0,2.0,,,,,,,,,,42.0,2.0,19.0,,,,,,,0.877863,2004,2018-12-04,,,,,,,,,,,,,,,,,,,,,,,,,,,,,,,,,,,,,Published in a refereed paper,Imaging,,,"2MASS J12073346-3932539 b, 2M 1207 b, 2M1207 b, 2M1207B, 2MASS1207-3932 B, 2MASSW J1207334-393254 b, 2M 1207-39 b",,,181.887500011,-39.548333356,,,,,,52.4,1.1,1.1,,,,,,,,,,,,,,,,,,,
2MASS J00413538-5621127 A,Confirmed,30.0,,,,,,,,,,,,,,,,,,,,,,2009,2019-02-27,,,,,,,,,,,,,,,,,,,,,,,,,,,,,,,,,,,,,Published in a refereed paper,Imaging,,,,,,10.3974532026,-56.3535514379,,,,,,34.7133,0.9474,0.9474,,,,,,,,,,,,,,,,,,,
2MASS J00413538-5621127 B,Confirmed,15.0,,,,,,,,,126.0,37.0,86.0,8.9,1.9,3.7,,,,,,,,2010,2019-02-27,,,,,,,,,,,,,,,,,,,,,,,,,,,,,,,,,,,,,Published in a refereed paper,Imaging,,,,,,10.3974532026,-56.3535514379,,,,,,34.7133,0.9474,0.9474,,,,,,,,,,,,,,,,,,,
2MASS J10475385+2124234,Confirmed,42.0,26.0,26.0,,,,,,,,,,,,,,,,,,,,1999,2020-04-11,,,,,,,,,,,,,,,,,,,,,,,,,,,,,,,,,,,,,Published in a refereed paper,Imaging,Theoretical,,2MASS J1047+21,,,161.974394017952,21.4065190132152,,,,,,10.56,,,,,,,,,,,,,,,,,,,,,
2MASS J11011926-7732383 A,Confirmed,50.0,,,,,,,,,,,,,,,,,,,,,,2004,2019-02-27,,,,,,,,,,,,,,,,,,,,,,,,,,,,,,,,,,,,,Published in a refereed paper,Imaging,,,,,,165.330275006,-77.5439750192,,,,,,168.0,10.0,10.0,,,,,,,,,,,,,,,,,,,
2MASS J11011926-7732383 B,Confirmed,30.0,,,,,,,,,,,,240.0,,,,,,,,,,2004,2019-02-27,,,,,,,,,,,,,,,,,,,,,,,,,,,,,,,,,,,,,Published in a refereed paper,Imaging,,,,,,165.330275006,-77.5439750192,,,,,,168.0,10.0,10.0,,,,,,,,,,,,,,,,,,,
2MASS J11193254 AB,Confirmed,3.7,0.9,1.2,,,,,,,32850.0,,,,,,,,,,,,,2017,2017-06-30,,,,,,,,,,,,,,,,,,,,,,,,,,,,,,,,,,,,,Published in a refereed paper,Imaging,,,,,2MASS J11193254 AB,169.885595844,-11.6296389116,,,,,14.62,,,,,,,,,,,,,L7,0.01,0.003,0.003,,,,,,
2MASS J1155-7919 b,Confirmed,10.0,,,,,,,,,,,,582.0,,,,,,,,,,2020,2020-02-13,,,,,,,,,,,,,,,,,,,,,,,,,,,,,,,,,,,,,Published in a refereed paper,Imaging,Spectrum,,,,2MASS J1155-7919,178.769,-79.32,14.0,,,,,101.15,0.5,0.5,,,,,,,,,,M3,0.005,,,,,,,,
2MASS J1450-7841 A,Confirmed,40.0,,,,,,,,,,,,300.0,,,,,,,,,,2017,2018-05-17,,,,,,,,,,,,,,,,,,,,,,,,,,,,,,,,,,,,,Published in a refereed paper,Imaging,Spectrum,,,,2MASS J1450-7841 B,222.670833347,-78.693888911,,,,,,75.0,25.0,25.0,,,,0.04,,,,,,M9p,,,,,,,,,
2MASS J1450-7841 B,Confirmed,40.0,,,,,,,,,,,,300.0,,,,,,,,,,2017,2018-05-17,,,,,,,,,,,,,,,,,,,,,,,,,,,,,,,,,,,,,Published in a refereed paper,Imaging,Spectrum,,,,2MASS J1450-7841 A,222.675000014,-78.694722245,,,,,,75.0,,,,,,0.04,,,,,,M8p,,,,,,,,,
2MASS J2250+2325 b,Confirmed,30.0,4.0,11.0,,,,,,,,,,518.0,40.0,40.0,,,,,,,,2017,2018-02-26,,,,,,,,,,,,,,,,,,,,,,,,,,,,,,,,,,,,,Published in a refereed paper,Imaging,Spectrum,,,,2MASS J2250+2325,342.562500005,23.426111127,,,,,,41.5,10.0,10.0,,,,,,,,,,M3,0.15,,,,,,,,
51 Eri b,Confirmed,2.6,0.3,0.3,,,,1.11,0.13,0.16,10260.0,1800.0,6300.0,11.1,1.3,4.2,0.49,0.15,0.15,136.0,11.0,11.0,,2015,2019-10-24,84.0,58.0,58.0,2452014.79,12.0,12.0,,,,,,,,,,,,,,,,,,,,,,700.0,,,,,,,,3.5,Published in a refereed paper,Imaging,Spectrum,,,"CH4, H2O",51 Eri,69.4005514287,-2.47354859817,5.223,,,,,29.4,0.3,0.3,-0.027,,,1.75,0.05,0.05,,,,F0IV,0.02,0.006,0.006,,,,IR Excess,,
AB Dor C b,Confirmed,13.0,1.0,1.0,,,,,,,,,,0.58,,,,,,,,,,2019,2019-11-14,,,,,,,,,,,,,,,,,,,,,,,,,,,,,,,,,,,,,Published in a refereed paper,Imaging,Spectrum,,,,AB Dor C,82.433333348,-65.448333354,,,,,,15.8,,,,,,0.072,0.013,0.013,,,,M8,,,,,,,,,
AB Pic b,Confirmed,13.5,0.5,0.5,,,,,,,,,,275.0,,,,,,,,,5.813953,2005,2010-12-05,,,,,,,,,,,,,,,,,,,,,,,,,,,,,,,,,,,,,Published in a refereed paper,Imaging,,,,,AB Pic,94.8,-58.0541667,9.16,,,,,47.3,1.8,1.8,0.04,0.02,0.02,,,,,,,K2 V,0.03,,,5285.0,9.0,10.0,,,
CD-35 2722 b,Confirmed,31.0,8.0,8.0,,,,,,,,,,67.0,4.0,4.0,,,,,,,3.14554,2011,2011-02-22,,,,,,,,,,,,,,,,,,,,,,,,,,,,,,,,,,,,,Published in a refereed paper,Imaging,,,,,CD-35 2722,92.3300429231,-35.8253322455,10.98,,,,,21.3,1.4,1.4,0.04,0.5,0.5,0.4,0.05,0.05,,,,M1V,0.1,0.05,0.05,3680.0,100.0,100.0,,,
CFBD 1458 B,Confirmed,10.5,4.5,4.5,,,,,,,,,,,,,,,,,,,,2011,2020-04-20,,,,,,,,,,,,,,,,,,,,,,,,,,,,370.0,40.0,40.0,,,,,,,Published in a refereed paper,Imaging,Spectrum,,CFBDSIR J1458+1013B,,,224.620833343,10.228611125,,,,,,23.1,2.4,2.4,,,,,,,,,,,,,,,,,,,
CFBDS 1458 A,Confirmed,24.1,15.9,15.9,,,,,,,,,,,,,,,,,,,,2010,2018-09-16,,,,,,,,,,,,,,,,,,,,,,,,,,,,,,,,,,,,,Published in a refereed paper,Imaging,,,"CFBDSIR 1458+10 A, CFBDSIR J1458+1013 A",,,224.620833343,10.228611125,,,,,,23.1,2.4,2.4,,,,,,,,,,,,,,,,,,,
CFBDS0059,Confirmed,22.5,17.5,17.5,,,,,,,,,,,,,,,,,,,,2008,2018-09-16,,,,,,,,,,,,,,,,,,,,,,,,,,,,,,,,,,,,,Published in a refereed paper,Imaging,,,CFBDS J005910.90-011401.3,,,14.7954291703,-1.23364722714,,,,,,13.0,5.0,5.0,,,,,,,,,,,,,,,,,,,
CFBDSIR J2149-0403 b,Confirmed,21.0,19.0,19.0,,,,,,,,,,,,,,,,,,,,2017,2018-08-25,,,,,,,,,,,,,,,,,,,,,,,,,,,,,,,,,,,,,Published in a refereed paper,Imaging,,,,,CFBDSIR J2149-0403,327.446666682,-4.0524722252,,,,,,55.2,5.4,5.4,,,,,,,,,,T7,,,,,,,,,
CHXR 73 b,Confirmed,12.0,5.0,8.0,,,,,,,,,,200.0,,,,,,,,,,2006,2014-05-25,,,,,,,,,,,,,,,,,,,,,,,,,,,,,,,,,,,,,Published in a refereed paper,Imaging,,,,,CHXR 73,166.6208333,-77.6258333,,,,11.32,,,,,,,,0.35,0.0,0.0,,,,M3.25,0.002,,,,,,,,
CT Cha b,Confirmed,17.0,6.0,6.0,,,,2.2,0.6,0.6,,,,440.0,,,,,,,,,2.666667,2008,2008-09-23,,,,,,,,,,,,,,,,,,,,,,,,,,,,,,,,,,,,,Published in a refereed paper,Imaging,,,,,CT Cha,166.0375,-76.4552778,12.36,,,,,165.0,30.0,30.0,,,,,,,,,,K7,0.002,0.002,0.002,,,,,,
CWISEP J144606.62-231717.8,Confirmed,11.0,9.0,9.0,,,,,,,,,,,,,,,,,,,,2019,2020-10-15,,,,,,,,,,,,,,,,,,,,,,,,,,,,335.0,25.0,25.0,,,,,,,Published in a refereed paper,Imaging,Spectrum,,CW1446,,,221.52758333554,-23.2882777874,,,,,,10.1,1.3,1.7,,,,,,,,,,,,,,,,,,,
CWISEP J1935-1546,Confirmed,11.0,9.0,9.0,,,,,,,,,,,,,,,,,,,,2019,2020-03-04,,,,,,,,,,,,,,,,,,,,,,,,,,,,,,,335.0,,,,,,Published in a refereed paper,Imaging,,,,,,293.827793,-15.7723462,,,,,,10.1,1.3,1.7,,,,,,,,,,,,,,,,,,,
DE0823-49 b,Confirmed,31.5,13.0,13.0,,,,,,,247.75,0.64,0.64,0.36,0.01,0.01,0.36,0.04,0.04,52.2,1.5,1.5,,2013,2015-06-01,41.8,4.9,4.9,,,,,,,,,,,,,,,,,,,,,,,,,,,,1670.0,,,,,,Published in a refereed paper,Imaging,Astrometry,,,,DE0823-49,125.762500001,-48.799722218,,,,,,20.69,0.06,0.06,,,,0.045,0.017,0.017,,,,,0.1,0.02,0.5,2150.0,100.0,100.0,,,
DH Tau b,Confirmed,11.0,0.003,0.01,,,,,,,,,,330.0,,,,,,,,,,2005,2020-01-08,,,,,,,,,,,,,,,,,,,,,,,,,,,,,,,,,,,,,Published in a refereed paper,Imaging,,,,"CO, H2O",DH Tau,67.425,26.5494444,13.71,,,,,,,,,,,0.37,0.12,0.12,,,,M0.5V,0.001,0.0009,0.0009,,,,,,
FU Tau b,Confirmed,15.0,,,,,,,,,,,,800.0,,,,,,,,,5.714286,2009,2011-09-18,,,,,,,,,,,,,,,,,,,,,,,,,,,,,,,,,,,,,Published in a refereed paper,Imaging,,,,,FU Tau,65.8958333,25.0508333,,,,9.95,,140.0,,,,,,0.05,,,,,,M7.25,0.001,,,2838.0,,,,,
Fomalhaut b,Confirmed,0.208,,,,,,,,,320000.0,,,117.0,,,0.11,0.0,0.0,,,,14.92731,2008,2020-07-15,,,,,,,,,,,,,,,,,,,,,,,,,,,,,,,,,,,,,Published in a refereed paper,Imaging,Spectrum,,,,Fomalhaut,344.4125,-29.6222222,1.16,,,,,7.704,0.028,0.028,,,,1.92,0.02,0.02,1.842,0.019,0.019,A3 V,0.44,0.04,0.04,8590.0,73.0,73.0,Imaging,,HD 216956
G 196-3 b,Confirmed,15.0,4.0,30.0,,,,,,,,,,,,,,,,,,,,1998,2018-12-21,,,,,,,,,,,,,,,,,,,,,,,,,,,,,,,1870.0,,,,,,Published in a refereed paper,Imaging,,,2MASS J10042148+5023135 b,,G 196-3,151.08942874,50.3870520153,11.75,9.41,8.12,7.47,7.29,21.805,0.0185,0.0185,,,,0.4,0.05,0.05,,,,M2.5,,,,3400.0,100.0,100.0,,,2MASS J10042148+5023135
G204-39 b,Confirmed,29.0,8.0,8.0,,,,,,,,,,2685.0,,,,,,,,,,2010,2019-05-16,,,,,,,,,,,,,,,,,,,,,,,,,,,,,,,,,,,,,Published in a refereed paper,Imaging,Spectrum,,"SDSS J175805.46+463311.9, 2MASS J17580545+4633099",,G204-39,269.462359284,46.5886459515,11.64,,7.85,7.25,7.0,13.9908,0.00693,0.00693,,,,0.36,,,,,,M3,1.0,0.5,0.5,,,,,,"HIP 87938, 2MASS J17575096+4635182"
GJ 229 B,Confirmed,35.0,15.0,15.0,1.61971,0.664,0.664,,,,52890.0,24055.0,19639.0,19.433,6.9,4.7,0.03,0.03,0.2,,,,,1995,2020-01-09,180.0,180.0,180.0,,,,,,,,,,,,,,,,,,,,,,17.06,5.2,1.3,1200.0,1200.0,0.0,,,,,,,Published in a refereed paper,Imaging,Spectrum,,Gliese 229 B,,GJ 229,92.6442305532,-21.8646421676,8.125,,,,,5.757,0.0004,0.0004,,,,0.58,,,,,,M1 V,,,,3564.0,,,,,
GJ 504 b,Confirmed,4.0,1.0,4.5,,,,0.96,0.07,0.07,,,,43.5,,,,,,,,,,2013,2015-12-01,,,,,,,,,,,,,,,,,,,,,,,,,,,,,,,544.0,,,,,3.9,Published in a refereed paper,Imaging,Spectrum,Flux,59 Vir b,CH4,GJ 504,199.1958,9.4242,5.22,,,,,17.56,0.08,0.08,0.27,0.03,0.03,1.22,0.08,0.08,,,,GOV,0.16,0.35,0.06,6291.0,16.0,16.0,,,"e Virginis, HR 5011, 59 Virginis"
GJ 570 D,Confirmed,42.5,4.5,4.5,,,,0.855,0.023,0.023,,,,1500.0,,,,,,,,,,2000,2017-07-13,,,,,,,,,,,,,,,,,,,,,,,,,,,,810.0,10.0,10.0,,,,,,,Published in a refereed paper,Imaging,Theoretical,Theoretical,HR 5568 D,NH3,GJ 570 ABC,224.366666676,-21.415277798,5.64,,,,,5.91,0.06,0.06,0.06,,,0.802,0.04,0.04,,,,K4/M1/M3,,,,4758.0,,,,,HR 5568 ABC
GJ 758 b,Confirmed,37.9,1.5,1.5,,,,,,,109000.0,62000.0,198000.0,33.0,6.0,6.0,0.42,0.2,0.2,52.0,6.0,6.0,3.516129,2009,2019-09-12,,,,,,,,,,,,,,,,,,,,,,,,,,,,,,,741.0,,,,,5.0,Published in a refereed paper,Imaging,Spectrum,,,CH4,GJ 758,290.8916667,33.2219444,6.36,,,,,15.5,,,0.18,0.04,0.04,0.97,,,0.88,,,K0V,8.2,0.5,0.5,5425.0,,,,,"Gliese 758, HR 7368, HD 182488"
GQ Lup b,Confirmed,0.013,0.006,0.006,,,,1.8,,,,,,32.0,2.25,2.25,,,,,,,0.735714,2005,2020-05-21,,,,,,,,,,,,,,,,,,,,,,,,,,,,,,,,,,,,,Published in a refereed paper,Imaging,Spectrum,,,,GQ Lup,237.3,-35.6508333,11.4,,,,,140.0,50.0,50.0,,,,0.7,,,,,,K7eV,0.001,0.001,0.001,,,,Imaging,,
GSC 08047-00232 b,Confirmed,25.0,10.0,10.0,,,,,,,,,,,,,,,,,,,,2003,2018-11-27,,,,,,,,,,,,,,,,,,,,,,,,,,,,,,,,,,,,,Published in a refereed paper,Imaging,Spectrum,,2MASS J01521461-5219332 b,,GSC 08047-00232,28.0609411392,-52.3258848296,,,9.06,8.54,8.45,86.2977,0.298,0.298,,,,0.8,0.1,0.1,,,,K2V,0.03,0.02,0.02,,,,,,2MASS J01521461-5219332
GSC 6214-210 b,Confirmed,17.0,3.0,3.0,,,,,,,,,,320.0,0.0,0.0,,,,,,,2.206897,2010,2014-01-31,,,,,,,,,,,,,,,,,,,,,,,,,,,,,,,,,,,,,Published in a refereed paper,Imaging,,,,,GSC 6214-210,245.4791667,-20.7186111,,,,,9.15,145.0,14.0,14.0,,,,0.6,,,,,,M1,0.011,0.002,0.002,,,,,,
GU Psc b,Confirmed,11.0,1.0,1.0,,,,1.35,0.03,0.03,,,,2000.0,200.0,200.0,,,,,,,,2014,2015-03-31,,,,,,,,,,,,,,,,,,,,,,,,,,,,,,,1050.0,,,,,4.5,Published in a refereed paper,Imaging,,,,CH4,GU Psc,18.145833345,17.065555569,13.55,,,,,48.0,5.0,5.0,,,,0.35,,,,,,M3,0.1,0.03,0.03,,,,,,
HD 106906 (AB) b,Confirmed,11.0,2.0,2.0,,,,,,,,,,850.0,260.0,560.0,,,,56.0,21.0,12.0,,2013,2020-12-11,,,,,,,,,,,,,,,,,,,,,,,,,,,,,,,,,,,,,Published in a refereed paper,Imaging,Spectrum,,HD 106906 b,,HD 106906 (AB),184.471630975,-55.9755251461,7.8,,,,,92.0,6.0,6.0,0.04,0.02,0.01,1.5,0.1,0.1,,,,F5V,0.013,0.002,0.002,6798.0,40.0,20.0,Imaging,,
HD 1160 b,Confirmed,20.0,,,,,,,,,,,,80.0,0.0,0.0,,,,,,,0.772947,2012,2020-05-21,,,,,,,,,,,,,,,,,,,,,,,,,,,,,,,,,,,,,Published in a refereed paper,Imaging,Spectrum,,,,HD 1160,3.9875,4.2511111,7.12,,,,,103.5,4.0,4.0,-0.3,,,,,,,,,A0V,0.05,0.04,0.04,,,,,,
HD 118865 B,Confirmed,55.0,13.0,13.0,,,,,,,,,,9200.0,,,,,,,,,,2013,2019-01-24,,,,,,,,,,,,,,,,,,,,,,,,,,,,,,,,,,,,,Published in a refereed paper,Imaging,,,ULAS J133943.79+010436.4,,HD 118865 A,204.893023601,1.08836844038,7.98,,,6.73,,,,,,,,,,,,,,F8V,3.2,1.7,1.7,,,,,,"HIP 66637, 2MASS J13393431+0105180"
HD 126053 B,Confirmed,35.0,15.0,15.0,,,,0.9,0.1,0.1,,,,2630.0,,,,,,,,,,2012,2019-01-24,,,,,,,,,,,,,,,,,,,,,,,,,,,,,,,,,,,,5.0,Published in a refereed paper,Imaging,Spectrum,,"BD+01 2920 B, WISE J142320.84+011638.0",,HD 126053 A,215.813686478,1.24156717364,6.27,5.39,5.05,4.81,4.64,17.4385,0.011,0.011,-0.38,0.06,0.06,0.87,0.07,0.07,,,,G1V,8.5,6.0,6.0,5750.0,100.0,100.0,,,"BD+01 2920, HIP 70319, 2MASS J14231528+0114294"
HD 169142 b,Confirmed,2.2,1.2,1.8,,,,,,,,,,36.4,,,,,,,,,,2014,2019-01-23,,,,,,,,,,,,,,,,,,,,,,,,,,,,,,,,,,,,,Published in a refereed paper,Imaging,Theoretical,,,,HD169142,276.124104177,-29.780508082,8.16,,7.31,,,117.0,,,,,,1.65,,,1.6,,,A7V,0.012,,,7650.0,150.0,150.0,Imaging,,
HD 19467 b,Confirmed,52.0,4.3,4.3,,,,,,,,,,51.1,1.0,1.0,,,,,,,,2016,2016-01-08,,,,,,,,,,,,,,,,,,,,,,,,,,,,,,,978.0,,,,,,Published in a refereed paper,Imaging,Spectrum,,,,HD 19467,46.829166673,-13.761666691,7.0,,,,,30.86,0.6,0.6,-0.15,0.04,0.04,0.95,0.02,0.02,1.15,0.03,0.03,G3V,7.2,2.8,2.8,5680.0,40.0,40.0,,,
HD 203030 b,Confirmed,11.0,4.0,4.0,,,,,,,,,,487.0,,,,,,,,,,2017,2019-08-27,,,,,,,,,,,,,,,,,,,,,,,,,,,,,,,1040.0,,,,,,Published in a refereed paper,Imaging,Spectrum,,"V457 Vul b, HIP 105232 b",H2O,HD 203030,319.7416667,26.2305556,8.43,,,,,41.0,1.2,1.2,,,,0.97,,,,,,G8V,0.25,0.07,0.07,,,,,,
HD 206893 b,Confirmed,22.5,8.0,8.0,,,,,,,9862.0,2192.0,2192.0,10.0,,,0.23,0.15,0.15,150.0,10.0,10.0,,2016,2019-06-06,55.0,,,,,,,,,,,,,,,,,,,,,,,,,,,,,,1400.0,,,,,,Published in a refereed paper,Imaging,Spectrum,,,,HD 206893,326.341666674,-12.783333349,6.67,,,,,38.34,0.8,0.8,,,,1.24,,,,,,F5V,1.1,1.0,1.0,6486.0,,,,,
HD 284149 b,Confirmed,32.0,18.0,14.0,,,,,,,,,,400.0,,,,,,,,,,2014,2014-07-31,,,,,,,,,,,,,,,,,,,,,,,,,,,,,,,2537.0,,,,,,Published in a refereed paper,Imaging,,,,,HD 284149,61.662500013,20.303055564,9.63,,,,,108.2,18.5,18.5,,,,1.14,0.05,0.05,,,,F8,0.025,0.025,0.01,6040.0,60.0,60.0,,,
HD 3651B,Confirmed,53.0,15.0,15.0,,,,0.8,0.06,0.06,,,,476.0,6.0,6.0,,,,,,,,2006,2019-03-05,,,,,,,,,,,,,,,,,,,,,,,,,,,,,,,850.0,,,,,,Published in a refereed paper,Imaging,Theoretical,,"0039+2115, 54 PscB, GL 27B",,HD 3651,9.8375,21.2502778,5.8,,,,,11.0,,,0.05,0.05,0.05,0.79,,,0.947,0.032,0.032,K0 V,5.13,,,5173.0,,,IR Excess,,54 Psc
HD 95086 b,Confirmed,2.6,0.4,0.4,,,,,,,,,,61.7,8.4,20.7,0.2,0.2,0.0,153.0,13.5,9.7,,2013,2019-04-12,,,,,,,,,,,,,,,,,,,,,,,,,,,,,,,1050.0,,,,,3.85,Published in a refereed paper,Imaging,Spectrum,,,,HD 95086,164.2625,-68.6672,7.36,,,,,90.4,3.3,3.3,,,,1.6,,,,,,A8III,0.017,0.004,0.004,7550.0,100.0,100.0,Imaging,,
HD 97334 b,Confirmed,53.0,,,,,,,,,,,,2620.0,,,,,,,,,,2001,2018-11-27,,,,,,,,,,,,,,,,,,,,,,,,,,,,,,,,,,,,,Published in a refereed paper,Imaging,Spectrum,,GJ 417 b,,HD 97334,168.134793948,35.8140810126,6.41,,,,,22.6538,0.0197,0.0197,-0.01,,,0.05,,,,,,G0V,,,,,,,,,GJ 417
HD 984 b,Confirmed,48.0,3.0,3.0,,,,,,,,,,18.0,4.0,10.0,,,,,,,,2017,2019-04-12,,,,,,,,,,,,,,,,,,,,,,,,,,,,,,,2730.0,,,,,,Published in a refereed paper,Imaging,Spectrum,,,,HD 984,3.54166667,-7.199166683,7.3,,,,,47.1,1.4,1.4,,,,1.2,,,,,,F7V,0.08,0.05,0.12,6315.0,89.0,89.0,,,
HII 1348 b,Confirmed,59.0,6.0,6.0,,,,,,,,,,138.0,7.0,7.0,,,,,,,,2012,2016-05-16,,,,,,,,,,,,,,,,,,,,,,,,,,,,,,,,,,,,,Published in a refereed paper,Imaging,Spectrum,,,,HII 1348,56.825000006,24.390833347,12.8,,,,,127.0,7.0,7.0,,,,,,,,,,K5V,,,,,,,,,
HIP 38939 B,Confirmed,38.0,20.0,20.0,,,,,,,,,,1630.0,,,,,,,,,,2012,2019-01-24,,,,,,,,,,,,,,,,,,,,,,,,,,,,,,,,,,,,5.0,Published in a refereed paper,Imaging,,,HD 65486 B,,HIP 38939 A,119.518210354,-25.6266282997,8.44,7.28,6.51,5.94,5.83,18.4839,0.0132,0.0132,-0.3,0.1,0.1,,,,,,,K4V,0.9,0.6,1.9,4683.0,35.0,35.0,,,"HD 65486 A, 2MASS J07580434-2537356"
HIP 64892 b,Confirmed,33.0,4.0,4.0,,,,,,,,,,159.0,12.0,12.0,,,,,,,,2018,2018-06-29,,,,,,,,,,,,,,,,,,,,,,,,,,,,,,,2600.0,,,,,,Published in a refereed paper,Imaging,Spectrum,,,,HIP 64892,199.520833335,-44.055277783,6.8,,,,,125.0,,,,,,2.35,,,1.79,,,B9.5V,0.016,,,10400.0,,,,,
HIP 65426 b,Confirmed,9.9,1.8,1.1,,,,1.5,0.1,0.1,,,,110.0,30.0,90.0,,,,,,,,2017,2020-12-08,,,,,,,,,,,,,,,,,,,,,,,,,,,,1450.0,150.0,150.0,1560.0,,,,,,Published in a refereed paper,Imaging,Spectrum,,,,HIP 65426,201.150000012,-51.504444458,7.01,,,,,109.2,0.74,0.74,,,,1.96,0.04,0.04,1.77,0.05,0.05,A2V,0.014,0.004,0.004,8840.0,200.0,200.0,,,"HD 116434, 2MASS J13243609-5130159"
HIP 73990 b,Confirmed,21.0,5.0,30.0,,,,,,,,,,20.0,4.0,4.0,,,,,,,,2015,2017-02-28,,,,,,,,,,,,,,,,,,,,,,,,,,,,,,,,,,,,,Published in a refereed paper,Imaging,Spectrum,,,,HIP 73990,226.812500005,-29.504444458,8.12,,,,,125.0,15.0,15.0,,,,1.72,0.1,0.1,,,,A9V,0.015,0.005,0.005,7450.0,80.0,80.0,,,HD 133803
HIP 73990 c,Confirmed,22.0,6.0,35.0,,,,,,,,,,32.0,7.0,7.0,,,,,,,,2015,2015-05-20,,,,,,,,,,,,,,,,,,,,,,,,,,,,,,,,,,,,,Published in a refereed paper,Imaging,,,,,HIP 73990,226.812500005,-29.504444458,8.12,,,,,125.0,15.0,15.0,,,,1.72,0.1,0.1,,,,A9V,0.015,0.005,0.005,7450.0,80.0,80.0,,,HD 133803
HIP 74865 b,Confirmed,28.0,10.0,37.0,,,,,,,,,,23.0,6.0,6.0,,,,,,,,2015,2015-05-20,,,,,,,,,,,,,,,,,,,,,,,,,,,,,,,,,,,,,Published in a refereed paper,Imaging,Spectrum,,,,HIP 74865,229.483333352,-30.478055574,9.0,,,,,115.0,15.0,15.0,,,,1.42,0.05,0.05,,,,F3V,0.015,0.005,0.005,6640.0,10.0,10.0,,,HD 135778
HIP 75056 b,Confirmed,25.0,5.0,5.0,,,,2.0,0.5,0.5,47500.0,11000.0,11000.0,30.0,15.0,15.0,0.5,0.2,0.2,,,,,2020,2020-09-21,,,,,,,,,,,,,,,,,,,,,,,,,,,,,,,2300.0,,,,,,Published in a refereed paper,Imaging,Spectrum,Flux,,,HIP 75056,230.054166671,-34.925555581,,,,,,,,,,,,,,,,,,A2V,,,,,,,,,
HIP 77900 b,Confirmed,34.0,14.0,14.0,,,,1.76,0.12,0.15,,,,3200.0,300.0,300.0,,,,,,,,2013,2019-10-02,,,,,,,,,,,,,,,,,,,,,,,,,,,,2400.0,,,2602.0,,,,,,Published in a refereed paper,Imaging,Spectrum,Flux,,,HIP 77900,238.625,-27.3386,,,,,,,,,,,,,,,,,,B6,,,,13700.0,1550.0,1200.0,,,
HIP 78530 b,Confirmed,28.0,10.0,10.0,,,,1.83,0.16,0.16,,,,710.0,60.0,60.0,,,,,,,4.530951,2011,2019-10-02,,,,,,,,,,,,,,,,,,,,,,,,,,,,,,,2679.0,,,,,,Published in a refereed paper,Imaging,Spectrum,Flux,,,HIP 78530,240.4791667,-21.9802778,7.18,,,,,156.7,13.0,13.0,,,,2.5,0.0,0.0,,,,B9V,0.011,0.002,0.002,10500.0,0.0,0.0,,,
HIP 79098 (AB) b,Confirmed,20.5,4.5,4.5,,,,,,,,,,345.0,6.0,6.0,,,,,,,,2019,2019-06-10,,,,,,,,,,,,,,,,,,,,,,,,,,,,,,,2450.0,,,,,,Published in a refereed paper,Imaging,Spectrum,,,,HIP 79098 (AB),242.183333348,-23.685277793,5.9,,,,,146.3,2.5,2.5,,,,,,,,,,B9V,,,,,,,,,
HN Peg b,Confirmed,16.0,9.4,9.4,,,,1.1,0.06,0.06,,,,795.0,15.0,15.0,,,,,,,43.206522,2007,2019-08-16,,,,,,,,,,,,,,,,,,,,,,,,,,,,,,,,,,,,,Published in a refereed paper,Imaging,,,HD 206860,,HN Peg,326.1291667,14.7719444,6.0,,,,,18.4,0.3,0.3,,,,1.0,,,,,,G0V,0.2,,,,,,,,
HR 2562 b,Confirmed,26.0,13.0,9.0,,,,,,,,,,20.3,0.3,0.3,,,,,,,,2016,2019-04-12,,,,,,,,,,,,,,,,,,,,,,,,,,,,,,,,,,,,,Published in a refereed paper,Imaging,Spectrum,,,,HR 2562,102.504226375,-60.2491437951,6.114,,,,,33.63,0.48,0.48,0.015,0.065,0.065,1.3,,,,,,F5V,0.6,0.3,0.3,,,,IR Excess,,
HR 3549 b,Confirmed,45.0,5.0,5.0,,,,,,,,,,80.0,,,,,,,,,,2015,2016-06-22,,,,,,,,,,,,,,,,,,,,,,,,,,,,,,,2350.0,,,,,,Published in a refereed paper,Imaging,Spectrum,,,,HR 3549,133.266666668,-56.64944447,6.01,,,,,92.5,,,,,,,,,,,,A0V,0.125,0.025,0.025,10207.0,347.0,347.0,IR Excess,,HD 76346
HR 7329,Confirmed,35.0,15.0,15.0,,,,,,,,,,,,,,,,,,,,2000,2016-05-16,,,,,,,,,,,,,,,,,,,,,,,,,,,,,,,,,,,,,Published in a refereed paper,Imaging,,,,,HR 7329,290.712500017,-54.423888903,5.0,,,,,48.0,,,,,,,,,,,,A0V,0.03,0.03,0.0,,,,,,
HR 7672 b,Confirmed,61.5,6.5,6.5,,,,,,,,,,14.0,,,,,,,,,,2002,2020-11-27,,,,,,,,,,,,,,,,,,,,,,,,,,,,,,,,,,,,,Published in a refereed paper,Imaging,Spectrum,,"HD 190406 b, GJ 779 b, 15 Sge b",,HR 7672,301.025000002,17.070277782,5.8,,,,,17.72,0.02,0.02,,,,,,,,,,G0V,,,,,,,,,"HD 190406, GJ 779, 15 Sge"
HR 8799 b,Confirmed,7.0,2.0,4.0,,,,1.2,0.1,0.1,164250.0,,,68.0,,,0.0,,,28.0,,,1.725888,2008,2015-03-13,,,,,,,,,,,,,,,,,,,,,,2047.1,,,,,,,,,,,,,,,Published in a refereed paper,Imaging,,,,"CH4, CO, H2O",HR 8799,346.8708333,21.1341667,5.96,,,,,39.4,1.0,1.0,-0.47,,,1.56,,,1.5,0.3,0.3,A5V,0.06,0.03,0.03,,,,Imaging,,HD 218396
HR 8799 c,Confirmed,8.3,0.6,0.6,,,,1.3,0.0,0.0,82145.0,,,42.9,,,0.0,,,28.0,,,1.088832,2008,2019-04-12,,,,,,,,,,,,,,,,,,,,,,1936.7,,,,,,,,,,,,,,,Published in a refereed paper,Imaging,Spectrum,,,H2O,HR 8799,346.8708333,21.1341667,5.96,,,,,39.4,1.0,1.0,-0.47,,,1.56,,,1.5,0.3,0.3,A5V,0.06,0.03,0.03,,,,Imaging,,HD 218396
HR 8799 d,Confirmed,8.3,0.6,0.6,,,,1.2,0.0,0.0,41054.0,,,27.0,,,0.1,,,28.0,,,0.685279,2008,2019-04-12,80.2,,,,,,,,,,,,,,,,,,,,,2003.7,,,,,,,,,,,,,,,Published in a refereed paper,Imaging,Spectrum,,,,HR 8799,346.8708333,21.1341667,5.96,,,,,39.4,1.0,1.0,-0.47,,,1.56,,,1.5,0.3,0.3,A5V,0.06,0.03,0.03,,,,Imaging,,HD 218396
HR 8799 e,Confirmed,9.2,0.6,0.6,,,,1.17,0.13,0.13,18000.0,0.0,0.0,16.4,1.1,2.1,0.15,0.08,0.08,25.0,8.0,8.0,0.36802,2010,2019-04-12,,,,,,,,,,,,,,,,,,,,,,,,,,,,,,,1150.0,,,,,,Published in a refereed paper,Imaging,Spectrum,Theoretical,,,HR 8799,346.8708333,21.1341667,5.96,,,,,39.4,1.0,1.0,-0.47,,,1.56,,,1.5,0.3,0.3,A5V,0.06,0.03,0.03,,,,Imaging,,HD 218396
J1324+63,Confirmed,11.5,0.5,0.5,,,,1.23,0.02,0.02,,,,,,,,,,56.0,7.0,11.0,,2018,2018-06-29,,,,,,,,,,,,,,,,,,,,,,,,,,,,,,,1080.0,,,,,,Published in a refereed paper,Imaging,Spectrum,Theoretical,,,2MASS J13243553+6358281,201.191666682,63.9702778,,,,,,,,,,,,,,,,,,,0.15,,,,,,,,2MASS J13243553+6358281
L2 Pup b,Confirmed,12.0,11.99,16.0,,,,,,,,,,2.0,,,,,,,,,,2016,2016-12-29,,,,,,,,,,,,,,,,,,,,,,,,,,,,,,,,,,,,,Published in a refereed paper,Imaging,,,,,L2 Pup,108.384658761,-44.63973974,5.1,,,,,64.0,4.0,4.0,0.008,,,0.659,0.011,0.011,,,,M5,,,,3500.0,250.0,250.0,,,
LHS 2397a B,Confirmed,64.0,15.0,15.0,,,,,,,5194.0,40.0,40.0,3.09,0.1,0.1,0.35,0.005,0.005,41.9,1.1,1.1,,2009,2019-01-24,38.5,2.4,2.4,2453845.0,15.0,15.0,,,,,,,,,,,,,,,,,,,,,,,,,,,,,,5.35,Published in a refereed paper,Imaging,Spectrum,,2MASS J11214924-1313084 B,,LHS 2397a A,170.4548837,-13.2190913299,19.57,,11.93,11.23,10.74,14.3905,0.03654,0.03654,,,,0.0839,0.0015,0.0007,,,,M8V,1.5,0.6,4.1,2580.0,50.0,50.0,,,2MASS J11214924-1313084
LHS 6176 B,Confirmed,45.0,14.0,14.0,,,,,,,,,,970.0,,,,,,,,,,2013,2019-01-24,,,,,,,,,,,,,,,,,,,,,,,,,,,,,,,,,,,,5.15,Published in a refereed paper,Imaging,Spectrum,,"G 48-43 B, 2MASS J09504959+0118135 B",,LHS 6176 A,147.706632848,1.30378519103,13.88,,9.8,9.23,8.95,19.6846,0.0296,0.0296,-0.3,0.1,0.1,,,,,,,M4V,3.5,0.0,10.0,,,,,,"G 48-43, 2MASS J09504959+0118135"
LKCA 15 b,Confirmed,6.0,1.0,1.0,,,,,,,40000.0,0.0,0.0,15.7,2.1,2.1,,,,,,,0.108276,2011,2015-09-09,,,,,,,,,,,,,,,,,,,,,,,,,,,,,,,,,,,,,Published in a refereed paper,Imaging,,,,,LKCA 15,69.825,22.3508333,11.91,,,,,145.0,15.0,15.0,,,,0.97,0.03,0.03,,,,K5V,0.002,,,,,,,,
LP 261-75 b,Confirmed,21.0,5.0,10.0,,,,,,,,,,450.0,120.0,120.0,,,,,,,,2006,2018-12-21,,,,,,,,,,,,,,,,,,,,,,,,,,,,,,,,,,,,,Published in a refereed paper,Imaging,Spectrum,,"2MASS J09510459+3558098 b, NLTT 22741 b",,LP 261-75,147.76906527,35.9692960422,15.33,11.9,10.58,9.96,9.69,33.96,0.1594,0.1594,,,,0.22,,,,,,M4.5,0.15,0.05,0.05,,,,,,"NLTT 22741, 2MASS J09510459+3558098"
LSR J1835,Confirmed,55.0,4.0,4.0,,,,,,,,,,,,,,,,,,,,2017,2017-09-13,,,,,,,,,,,,,,,,,,,,,,,,,,,,,,,2800.0,,,,,,Published in a refereed paper,Imaging,Spectrum,,,,LSR J1835,278.75,32.983333353,,,,,,,,,,,,,,,,,,M8.5,0.022,0.004,0.004,,,,,,
Luhman 16 A,Confirmed,33.5,0.3,0.3,,,,,,,,,,,,,,,,,,,,2013,2018-09-19,,,,,,,,,,,,,,,,,,,,,,,,,,,,,,,,,,,,,Published in a refereed paper,Imaging,,,"WISE J104915.57-531906.1 A, LUH 16 A, 2MASS J10491891-5319100 A",,,162.328812506,-53.3194666752,,,,,,1.998,0.0004,0.0004,,,,,,,,,,,,,,,,,,,
Luhman 16 B,Confirmed,28.6,0.3,0.3,,,,,,,,,,,,,,,,,,,,2013,2018-09-19,,,,,,,,,,,,,,,,,,,,,,,,,,,,,,,,,,,,,Published in a refereed paper,Imaging,,,"LUH 16 B, WISE J104915.57-531906.1 B",,,162.328812506,-53.3194666752,,,,,,1.998,0.0004,0.0004,,,,,,,,,,,,,,,,,,,
PDS 70 b,Confirmed,7.0,2.0,2.0,,,,,,,45108.0,1790.0,3580.0,22.7,0.5,2.0,,,,,,,,2018,2019-10-25,,,,,,,,,,,,,,,,,,,,,,,,,,,,,,,,,,,,,Published in a refereed paper,Imaging,Spectrum,,,,PDS 70,212.042310462,-41.3979379638,12.233,,,,,113.43,0.52,0.52,,,,0.76,0.02,0.02,1.26,0.15,0.15,K7,0.0054,0.001,0.001,3972.0,36.0,36.0,Imaging,,"V* V1032 Cen, 2MASS J14081015-4123525"
PDS 70 c,Confirmed,4.4,1.1,1.1,,,,,,,69945.0,11500.0,5771.0,30.2,2.4,2.0,,,,,,,,2019,2019-10-25,,,,,,,,,,,,,,,,,,,,,,,,,,,,,,,,,,,,,Published in a refereed paper,Imaging,Spectrum,,,,PDS 70,212.042310462,-41.3979379638,12.233,,,,,113.43,0.52,0.52,,,,0.76,0.02,0.02,1.26,0.15,0.15,K7,0.0054,0.001,0.001,3972.0,36.0,36.0,Imaging,,"V* V1032 Cen, 2MASS J14081015-4123525"
PHL 5038 b,Confirmed,60.0,,,,,,,,,,,,67.0,,,,,,,,,,2009,2018-12-11,,,,,,,,,,,,,,,,,,,,,,,,,,,,,,,,,,,,,Published in a refereed paper,Imaging,Spectrum,,WD 2217-009 b,,PHL 5038,335.127901071,-0.6854095867,,,16.73,16.44,16.31,72.9357,1.213,1.213,,,,0.7,0.2,0.2,,,,DA,2.3,0.4,0.4,8000.0,100.0,100.0,,,WD 2217-009
PSO J318.5-22,Confirmed,,,,,,,,,,,,,,,,,,,,,,,2018,2018-10-01,,,,,,,,,,,,,,,,,,,,,,,,,,,,,,,,,,,,,Published in a refereed paper,Imaging,,,J318.5338-22.8603,,,318.53344,-22.85996,,,,,,24.6,1.4,1.4,,,,,,,,,,,,,,,,,,,
PZ Tel b,Confirmed,64.0,5.0,5.0,,,,,,,,,,20.0,,,0.62,,,,,,,2010,2019-09-25,,,,,,,,,,,,,,,,,,,,,,,,,,,,,,,2987.0,,,,,4.78,Published in a refereed paper,Imaging,,,,H,PZ Tel,283.275,-50.1805556,8.43,,,,,51.49,2.6,2.6,0.05,0.2,0.2,1.13,0.03,0.03,1.23,0.04,0.04,G6.5,0.023,0.003,0.003,5338.0,200.0,200.0,,,"HD 174429, HIP 92680"
Proplyd 133-353,Confirmed,13.0,,,,,,,,,,,,,,,,,,,,,,2016,2016-12-15,,,,,,,,,,,,,,,,,,,,,,,,,,,,,,,2450.0,,,,,,Published in a refereed paper,Imaging,Spectrum,,,,Proplyd 133-353,83.804166671,-5.398055575,,,,,,388.0,5.0,5.0,,,,,,,,,,,0.0005,,,,,,,,
ROXs 12 b,Confirmed,16.0,4.0,4.0,,,,,,,,,,210.0,20.0,20.0,,,,,,,,2013,2013-12-02,,,,,,,,,,,,,,,,,,,,,,,,,,,,,,,,,,,,,Published in a refereed paper,Imaging,,,,,ROXs 12,246.604166675,-24.543333319,15.5,,,,,120.0,,,,,,0.87,0.08,0.08,,,,M0,0.0076,0.0041,0.0025,3850.0,100.0,70.0,,,
ROXs 42B (AB) b,Confirmed,9.0,3.0,3.0,,,,2.5,,,,,,140.0,10.0,10.0,,,,,,,,2013,2019-11-08,,,,,,,,,,,,,,,,,,,,,,,,,,,,,,,1975.0,,,,,3.6,Published in a refereed paper,Imaging,,,ROXs 42B b,"CO, H2O, K",ROXs 42B (AB),247.8125,-24.5456,14.27,,,,,135.0,5.0,5.0,,,,0.6,,,,,,M0 D,0.0068,0.0023,0.0034,2200.0,200.0,200.0,,,
Ross 458 (AB) c,Confirmed,11.3,4.5,4.5,,,,1.07,0.07,0.07,,,,1168.0,,,,,,,,,10.245614,2010,2016-02-23,,,,,,,,,,,,,,,,,,,,,,,,,,,,,,,670.0,,,,,4.35,Published in a refereed paper,Imaging,,,"Ross 458C, WISEPC J130041.65+122114.6 , HIP 63510C","CH4, H2, H2O, K",Ross 458 (AB),195.1958333,12.3758333,9.76,,,,,11.7,0.2,0.2,0.0,,,0.6,0.08,0.08,,,,M0.5,0.475,0.325,0.325,,,,,,"DT Virginis, HIP 63510, GI 494"
S Ori 68,Confirmed,5.0,,,,,,,,,,,,1700.0,300.0,300.0,,,,,,,,2000,2019-02-26,,,,,,,,,,,,,,,,,,,,,,,,,,,,,,,,,,,,,Published in a refereed paper,Imaging,,,,,2MASS J05383888-0228016,84.6620465115,-2.46714760402,,17.1,15.3,,14.4,362.33,45.83,45.83,,,,,,,,,,M5V,,,,,,,,,"SE 70, Mayrit 487350"
SDSS J105213.51+442255.7 A,Confirmed,49.0,3.0,3.0,,,,,,,,,,,,,,,,,,,,2015,2019-04-01,,,,,,,,,,,,,,,,,,,,,,,,,,,,,,,,,,,,,Published in a refereed paper,Imaging,,,2MASS J10521350+4422559 A,,,163.056270838,44.382197242,,,,,,26.1,0.5,0.5,,,,,,,,,,,,,,,,,,,
SDSS J105213.51+442255.7 B,Confirmed,39.0,3.0,3.0,,,,,,,3144.0,9.0,9.0,1.84,0.04,0.04,0.1399,0.023,0.023,62.1,0.4,0.4,,2015,2019-04-01,187.3,1.7,1.7,,,,,,,,,,,,,,,,,,,,,,,,,,,,,,,,,,Published in a refereed paper,Imaging,,,2MASS J10521350+4422559 B,,,163.056270838,44.382197242,,,,,,26.1,0.5,0.5,,,,,,,,,,,,,,,,,,,
SDSS J1110+0116,Confirmed,11.0,1.0,1.0,,,,1.18,0.02,0.02,,,,,,,,,,,,,,2015,2017-07-02,,,,,,,,,,,,,,,,,,,,,,,,,,,,,,,,,,,,,Published in a refereed paper,Imaging,Theoretical,Theoretical,,,SDSS J1110+0116,167.54166667,1.270277786,,,,,16.05,19.19,0.44,0.44,,,,,,,,,,T5.5,0.12,0.01,0.01,940.0,20.0,20.0,,,SDSS J111010.01+011613.1
SIMP0136+0933,Confirmed,12.7,1.0,1.0,,,,,,,,,,,,,,,,,,,,2017,2017-07-02,,,,,,,,,,,,,,,,,,,,,,,,,,,,,,,,,,,,4.31,Published in a refereed paper,Imaging,,,SIMP J013656.5+093347,,SIMP0136+0933 ,24.2359166855,9.5631389104,,,,,12.585,6.0,,,,,,,,,,,,T2.5,0.2,0.05,0.05,1098.0,6.0,6.0,,,
SR 12 (AB) c,Confirmed,13.0,7.0,7.0,,,,,,,,,,1083.0,217.0,217.0,,,,,,,8.664,2011,2018-10-29,,,,,,,,,,,,,,,,,,,,,,,,,,,,,,,,,,,,,Published in a refereed paper,Imaging,,,,,SR 12 (AB),246.8333333,-24.6944444,13.28,,,,,125.0,25.0,25.0,,,,,,,,,,K4-M2.5,0.001,inf,nan,,,,,,
TWA 5 A (AB) b,Confirmed,25.0,20.0,120.0,,,,,,,,,,86.0,,,0.45,,,,,,,2009,2016-02-23,,,,,,,,,,,,,,,,,,,,,,,,,,,,,,,,,,,,,Published in a refereed paper,Imaging,Spectrum,,,,TWA 5 A (AB),172.9791667,-34.6075,12.12,,,,,25.0,,,,,,0.4,,,,,,M1.5,0.1,0.09,0.09,,,,,,
TYC 8998-760-1 b,Confirmed,14.0,3.0,3.0,,,,3.0,0.7,0.2,,,,162.0,,,,,,,,,,2020,2020-03-04,,,,,,,,,,,,,,,,,,,,,,,,,,,,1727.0,127.0,172.0,,,,,,,Published in a refereed paper,Imaging,Spectrum,Flux,,,TYC 8998-760-1,201.30054167071,-64.93908057882,11.13,,,,,94.6,0.3,0.3,,,,1.0,0.02,0.02,,,,K3IV,0.0167,0.0014,0.0014,4573.0,10.0,10.0,,,
TYC 8998-760-1 c,Confirmed,6.0,1.0,1.0,,,,,,,,,,320.0,,,,,,,,,,2020,2020-07-23,,,,,,,,,,,,,,,,,,,,,,,,,,,,,,,,,,,,,Published in a refereed paper,Imaging,Spectrum,,,,TYC 8998-760-1,201.30054167071,-64.93908057882,11.13,,,,,94.6,0.3,0.3,,,,1.0,0.02,0.02,,,,K3IV,0.0167,0.0014,0.0014,4573.0,10.0,10.0,,,
Teide 1,Confirmed,54.0,,,,,,,,,,,,,,,,,,,,,,1995,2018-09-03,,,,,,,,,,,,,,,,,,,,,,,,,,,,,,,2584.0,,,,,,Published in a refereed paper,Imaging,,,2MASS J03471792+2422317,,,56.8246666726,24.3754722366,,,,,,120.2,1.9,1.9,,,,,,,,,,,,,,,,,,,
UGPS J0722-0540,Confirmed,18.2,0.6,0.6,,,,,,,,,,,,,,,,,,,,2010,2018-09-19,,,,,,,,,,,,,,,,,,,,,,,,,,,,,,,,,,,,,Published in a refereed paper,Imaging,,,UGPS J072227.51-054031.2,,,110.616125009,-5.6753055758,,,,,,4.06,0.63,0.63,,,,,,,,,,,,,,,,,,,
ULAS1335,Confirmed,12.5,7.5,7.5,,,,,,,,,,,,,,,,,,,,2009,2018-09-17,,,,,,,,,,,,,,,,,,,,,,,,,,,,,,,,,,,,,Published in a refereed paper,Imaging,,,ULAS J133553.45+113005.2,,,203.972708351,11.5014444556,,,,,,10.3,0.3,0.3,,,,,,,,,,,,,,,,,,,
ULASJ0034,Confirmed,12.5,7.5,7.5,,,,,,,,,,,,,,,,,,,,2007,2018-09-17,,,,,,,,,,,,,,,,,,,,,,,,,,,,,,,,,,,,,Published in a refereed paper,Imaging,,,"ULAS J003402.77-005206.7, ULAS J0034-00, CFBDS J003402-005206",,,8.51154583426,-0.86855001884,,,,,,12.6,0.6,0.6,,,,,,,,,,,,,,,,,,,
USco 1556A b,Confirmed,14.0,2.0,2.0,,,,,,,,,,3500.0,40.0,40.0,,,,,,,,2019,2019-12-11,,,,,,,,,,,,,,,,,,,,,,,,,,,,,,,2240.0,,,,,,Published in a refereed paper,Imaging,Spectrum,,,,USco 1556 A,239.104166675,-25.688888907,15.0,,,,,141.0,2.0,2.0,,,,0.33,0.07,0.07,,,,M3.0,,,,3410.0,100.0,100.0,,,
USco 1621A b,Confirmed,15.0,2.0,2.0,,,,,,,,,,2880.0,20.0,20.0,,,,,,,,2019,2019-12-11,,,,,,,,,,,,,,,,,,,,,,,,,,,,,,,2270.0,,,,,,Published in a refereed paper,Imaging,Spectrum,,,,USco 1621 A,245.37500001,-25.495277797,15.0,,,,,138.0,1.0,1.0,,,,0.36,0.08,0.08,,,,M2.5,,,,3460.0,100.0,100.0,,,
USco J155150.2-213457,Confirmed,8.0,3.0,3.0,,,,,,,,,,,,,,,,,,,,2016,2019-04-04,,,,,,,,,,,,,,,,,,,,,,,,,,,,,,,,,,,,,Published in a refereed paper,Imaging,,,,,,237.959166683,21.582500024,,,,,,145.0,2.0,2.0,,,,,,,,,,,,,,,,,,,
USco1610-1913 b,Confirmed,57.0,28.0,28.0,,,,3.87,0.12,0.24,,,,840.0,90.0,90.0,,,,,,,,2013,2019-10-02,,,,,,,,,,,,,,,,,,,,,,,,,,,,2400.0,,,2542.0,,,,,,Published in a refereed paper,Imaging,Spectrum,Flux,,,USco1610-1913,242.6333,-19.219055,,,13.9,,,,,,,,,,,,,,,K7,,,,4140.0,130.0,160.0,,,
USco1612-1800 b,Confirmed,26.0,7.0,16.0,,,,,,,,,,430.0,40.0,40.0,,,,,,,,2013,2014-05-22,,,,,,,,,,,,,,,,,,,,,,,,,,,,2550.0,,,,,,,,,Published in a refereed paper,Imaging,,,,,USco1612-1800,243.2042,-18.01375,,,,,13.2,,,,,,,,,,,,,M3,,,,3410.0,130.0,150.0,,,
UScoCTIO 108 b,Confirmed,14.0,8.0,2.0,,,,,,,,,,670.0,,,,,,,,,4.62069,2007,2014-05-26,,,,,,,,,,,,,,,,,,,,,,,,,,,,,,,,,,,,,Published in a refereed paper,Imaging,,,,,UScoCTIO 108,241.475,-18.3119444,,15.65,14.42,15.07,,145.0,2.0,2.0,,,,0.057,0.02,0.02,,,,M7,0.011,0.002,0.002,2600.0,100.0,100.0,,,
V 921 Sco b,Confirmed,60.0,,,,,,,,,,,,835.0,,,,,,,,,,2019,2019-05-02,,,,,,,,,,,,,,,,,,,,,,,,,,,,,,,,,,,,,Published in a refereed paper,Imaging,Spectrum,,,,V921 Sco,254.779166669,-42.702500016,11.0,,,,,1550.0,200.0,200.0,,,,20.0,,,,,,B0IVe,,,,,,,,,
VHS 1256-1257 b,Confirmed,19.0,5.0,5.0,,,,,,,,,,102.0,9.0,9.0,,,,,,,,2015,2020-04-14,,,,,,,,,,,,,,,,,,,,,,,,,,,,,,,1240.0,,,,,,Published in a refereed paper,Imaging,Astrometry,,,,VHS 1256-1257 ,194.008333334,-12.956666691,17.8,,,,,12.7,1.0,1.0,,,,0.073,0.02,0.015,,,,M7.5,0.2,0.1,0.05,2620.0,140.0,140.0,,,
WD 0806-661 B b,Confirmed,8.0,2.0,2.0,,,,,,,,,,2500.0,,,,,,,,,130.208333,2011,2016-02-23,,,,,,,,,,,,,,,,,,,,,,,,,,,,,,,,,,,,,Published in a refereed paper,Imaging,,,,,WD 0806-661B,121.725,-66.3047222,,,,,,19.2,0.6,0.6,,,,0.62,0.03,0.03,,,,DQ D,1.5,0.3,0.3,,,,,,
WISE  J1355-8258 b,Confirmed,9.0,,,,,,,,,,,,,,,,,,,,,,2018,2020-05-15,,,,,,,,,,,,,,,,,,,,,,,,,,,,,,,,,,,,,Published in a refereed paper,Imaging,Astrometry,,,,WISE  J1355-8258,208.762500001,-82.97722225,,,,,,16.7,5.3,5.3,,,,0.011,,,,,,sdL5,0.165,0.035,0.035,,,,,,
WISE 0855-0714,Confirmed,6.0,4.0,4.0,,,,,,,,,,,,,,,,,,,,2014,2018-09-17,,,,,,,,,,,,,,,,,,,,,,,,,,,,250.0,,,,,,,,,Published in a refereed paper,Imaging,Spectrum,,WISE J085510.83-071442.5,,,133.795833337,-7.245277792,,,,,,2.31,0.08,0.08,,,,,,,,,,,,,,,,,,,
WISE 1118+3125,Confirmed,26.0,12.0,12.0,,,,,,,,,,,,,,,,,,,,2013,2019-07-01,,,,,,,,,,,,,,,,,,,,,,,,,,,,,,,,,,,,,Published in a refereed paper,Imaging,,,WISE J111838.70+312537.9,,,169.661208346,31.4271389056,,,,,,8.8,0.4,0.4,,,,,,,,,,,,,,,,,,,
WISE 1217+16 A b,Confirmed,22.0,2.0,2.0,,,,0.96,0.03,0.03,47400.0,11000.0,80000.0,7.6,,,,,,,,,,2012,2017-06-08,,,,,,,,,,,,,,,,,,,,,,,,,,,,,,,450.0,,,,,4.8,Published in a refereed paper,Imaging,,,"WISEPC J121756.91+162640.2B, WISE J1217+1626B","CH4, H2, H2O",WISE 1217+16 A,184.487500019,16.444444462,19.0,,18.0,,,10.0,2.0,2.0,,,,0.03,0.005,0.005,0.091,0.004,0.004,T8.5,6.0,2.0,2.0,575.0,25.0,25.0,,,
WISE 1711+3500 b,Confirmed,18.0,7.0,7.0,,,,,,,125000.0,29000.0,29000.0,15.0,2.0,2.0,,,,,,,,2012,2015-03-05,,,,,,,,,,,,,,,,,,,,,,,,,,,,,,,460.0,,,,,4.56,Published in a refereed paper,Imaging,,,WISE J1511+3500B,,WISE 1711+3500,257.770833335,35.010277786,18.0,,,,,19.0,3.0,3.0,,,,0.034,0.012,0.012,,,,T8,3.0,2.0,2.0,770.0,80.0,80.0,,,WISE J1511+3500B
WISE 1828+2650,Confirmed,10.25,9.75,9.75,,,,,,,,,,,,,,,,,,,,2011,2018-09-03,,,,,,,,,,,,,,,,,,,,,,,,,,,,325.0,75.0,75.0,,,,,,,Published in a refereed paper,Imaging,,,WISEP J1828+2650,,,277.13000001,26.8439166918,,,,,,11.2,1.0,1.3,,,,,,,,,,,,,,,,,,,
WISE 2005+5424,Confirmed,29.0,12.0,12.0,,,,,,,,,,,,,,,,,,,,2011,2018-12-14,,,,,,,,,,,,,,,,,,,,,,,,,,,,,,,,,,,,,Published in a refereed paper,Imaging,,,WISE J200520.38+542433.9,,,301.253416667,54.4316389092,,,,,,15.83,0.96,0.96,,,,,,,,,,,,,,,,,,,
WISE 2150A b,Confirmed,34.0,22.0,22.0,,,,,,,,,,341.0,,,,,,,,,,2019,2019-11-13,,,,,,,,,,,,,,,,,,,,,,,,,,,,,,,,,,,,,Published in a refereed paper,Imaging,Spectrum,,,,WISE 2150A,327.566666672,-75.343611126,,,,,,24.2,,,,,,0.072,0.012,0.012,,,,L1,,,,2118.0,62.0,62.0,,,2MASS J21501592-7520367
WISE J0720-0846,Confirmed,62.0,0.11,0.09,,,,,,,1388.0,475.0,1096.0,1.3,0.3,0.6,0.8,0.6,0.0,93.5,1.6,2.0,,2014,2015-11-24,54.0,,,,,,,,,,,,,,,,,,,,,,,,,,,,,,,,,,,,Published in a refereed paper,Imaging,Spectrum,,,,WISE J0720-0846,110.012500001,-8.78083336,,,,,,6.8,0.7,0.7,,,,0.081,0.016,0.028,,,,M,,,,,,,,,
WISE0047,Confirmed,20.0,7.0,3.0,,,,,,,,,,,,,,,,,,,,2012,2020-10-07,,,,,,,,,,,,,,,,,,,,,,,,,,,,,,,,,,,,,Submitted to a professional journal,Imaging,Spectrum,,"WISEP J004701.06+680352.1, 2MASS J00470038+6803543, W0047+68",,,11.7516110001289,68.0651020130816,,,,,,12.1,0.2,0.2,,,,,,,,,,,,,,,,,,,
WISEA  J083011.95+283716.0,Confirmed,8.5,4.5,4.5,,,,,,,,,,,,,,,,,,,,2020,2020-04-28,,,,,,,,,,,,,,,,,,,,,,,,,,,,350.0,,,,,,,,,Submitted to a professional journal,Imaging,,,WISEA  J0830+2837,,,127.54979167065,28.621111127,,,,,,11.1,1.5,2.0,,,,,,,,,,,,,,,,,,,
Wolf 940 b,Confirmed,26.0,6.0,6.0,,,,0.92,0.04,0.04,,,,400.0,22.0,22.0,,,,,,,,2009,2018-11-27,,,,,,,,,,,,,,,,,,,,,,,,,,,,,,,,,,,,4.85,Published in a refereed paper,Imaging,Spectrum,,2MASS J21464040-0010233 b,,Wolf 940,326.668428113,-0.173269885854,12.7,,8.36,,,12.5,0.67,0.75,-0.06,0.2,0.2,0.27,0.03,0.03,,,,M4V,5.0,1.5,1.5,,,,,,2MASS J21464040-0010233
beta Cir b,Confirmed,56.0,7.0,7.0,,,,,,,,,,6656.0,,,,,,,,,,2015,2015-10-30,,,,,,,,,,,,,,,,,,,,,,,,,,,,,,,2084.0,,,,,,Published in a refereed paper,Imaging,Spectrum,,bet Cir b,,beta Cir,229.379166677,-58.801111128,,,,,,30.56,0.18,0.18,,,,1.96,0.001,0.003,,,,A3V,0.367,,,8676.0,33.0,33.0,,,bet Cir
beta Pic b,Confirmed,9.8,2.7,2.7,,,,1.65,0.06,0.06,7707.0,300.0,730.0,9.2,0.2,0.6,0.029,0.024,0.061,88.88,0.03,0.04,0.440415,2008,2020-11-13,25.0,62.0,15.0,2456380.0,60.0,80.0,,,,,,,,,,,,,,,,,,,,,,,,,,,,,,,Published in a refereed paper,Imaging,Radial Velocity,Flux,bet Pic b,"C, H, N, O I",beta Pic,86.8208333,-51.0663889,3.86,,,,,19.3,0.2,0.2,,,,1.73,0.05,0.05,,,,A6V,0.04,0.004,0.004,,,,Imaging,,bet Pic
kappa And b,Confirmed,13.0,2.0,12.0,,,,1.2,0.1,0.2,215000.0,100000.0,100000.0,100.0,46.0,27.0,0.69,0.1,0.14,121.0,10.0,10.0,,2013,2018-10-24,129.5,35.0,30.0,,,,,,,,,,,,,,,,,,,,,,,,,,,,1850.0,,,,,4.5,Published in a refereed paper,Imaging,Spectrum,,kap And b,H2O,kappa And,355.1042,44.3339,4.14,0.2,4.6,,,50.0,0.1,0.1,-0.36,0.09,0.09,2.8,0.2,0.1,2.29,0.06,0.06,B9IV,0.047,0.04,0.027,11361.0,66.0,66.0,,,"HD 222439, HR 8976, HIP 116805, 19 Andromedae, kap And"
zet Del B,Confirmed,40.0,5.0,15.0,,,,,,,,,,907.0,236.0,723.0,,,,,,,,2014,2019-01-24,,,,,,,,,,,,,,,,,,,,,,,,,,,,,,,,,,,,5.0,Published in a refereed paper,Imaging,Spectrum,,,,zet Del A,308.827231817,14.6742132163,4.647,,4.821,4.484,4.357,67.48,1.05,1.05,-0.05,,,2.5,0.2,0.2,,,,A3V,0.525,0.125,0.125,8336.0,,,,,"HD 196180, HIP 101589, 2MASS J20351852+1440272"
